Protein_Name,Strain,Protein_sequence,Peptide_sequence,Start_Position,End_Position
enzyme,strain1,MQKKVIAAIIGTSAISAVAATQANAATTHTVKPGESVWAISNKYGISIAKLKSLNNLTSNLIFPNQVLKVSGSSNSTSNSSRPSTNSGGGSYYTVQAGDSLSLIASKYGTTYQNIMRLNGLNNFFIYPGQKLKVSGTASSSNAASNSSRPSTNSGGGSYYTVQAGDSLSLIASKYGTTYQKIMSLNGLNNFFIYPGQKLKVTGNASTNSGSATTTNRGYNTPVFSHQNLYTWGQCTYHVFNRRAEIGKGISTYWWNANNWDNAAAADGYTIDNRPTVGSIAQTDVGYYGHVMFVERVNNDGSILVSEMNYSAAPGILTYRTVPAYQVNNYRYIH,LKSLNNLTSNLIFPNQVLK,51,69
enzyme,strain1,MQKKVIAAIIGTSAISAVAATQANAATTHTVKPGESVWAISNKYGISIAKLKSLNNLTSNLIFPNQVLKVSGSSNSTSNSSRPSTNSGGGSYYTVQAGDSLSLIASKYGTTYQNIMRLNGLNNFFIYPGQKLKVSGTASSSNAASNSSRPSTNSGGGSYYTVQAGDSLSLIASKYGTTYQKIMSLNGLNNFFIYPGQKLKVTGNASTNSGSATTTNRGYNTPVFSHQNLYTWGQCTYHVFNRRAEIGKGISTYWWNANNWDNAAAADGYTIDNRPTVGSIAQTDVGYYGHVMFVERVNNDGSILVSEMNYSAAPGILTYRTVPAYQVNNYRYIH,VSGTASSSNAASNSSR,134,149
enzyme,strain1,MQKKVIAAIIGTSAISAVAATQANAATTHTVKPGESVWAISNKYGISIAKLKSLNNLTSNLIFPNQVLKVSGSSNSTSNSSRPSTNSGGGSYYTVQAGDSLSLIASKYGTTYQNIMRLNGLNNFFIYPGQKLKVSGTASSSNAASNSSRPSTNSGGGSYYTVQAGDSLSLIASKYGTTYQKIMSLNGLNNFFIYPGQKLKVTGNASTNSGSATTTNRGYNTPVFSHQNLYTWGQCTYHVFNRRAEIGKGISTYWWNANNWDNAAAADGYTIDNRPTVGSIAQTDVGYYGHVMFVERVNNDGSILVSEMNYSAAPGILTYRTVPAYQVNNYRYIH,IMSLNGLNNFFIYPGQK,182,198
enzyme,strain1,MQKKVIAAIIGTSAISAVAATQANAATTHTVKPGESVWAISNKYGISIAKLKSLNNLTSNLIFPNQVLKVSGSSNSTSNSSRPSTNSGGGSYYTVQAGDSLSLIASKYGTTYQNIMRLNGLNNFFIYPGQKLKVSGTASSSNAASNSSRPSTNSGGGSYYTVQAGDSLSLIASKYGTTYQKIMSLNGLNNFFIYPGQKLKVTGNASTNSGSATTTNRGYNTPVFSHQNLYTWGQCTYHVFNRRAEIGKGISTYWWNANNWDNAAAADGYTIDNRPTVGSIAQTDVGYYGHVMFVERVNNDGSILVSEMNYSAAPGILTYRTVPAYQVNNYRYIH,PSTNSGGGSYYTVQAGDSLSLIASK,83,107
enzyme,strain1,MQKKVIAAIIGTSAISAVAATQANAATTHTVKPGESVWAISNKYGISIAKLKSLNNLTSNLIFPNQVLKVSGSSNSTSNSSRPSTNSGGGSYYTVQAGDSLSLIASKYGTTYQNIMRLNGLNNFFIYPGQKLKVSGTASSSNAASNSSRPSTNSGGGSYYTVQAGDSLSLIASKYGTTYQKIMSLNGLNNFFIYPGQKLKVTGNASTNSGSATTTNRGYNTPVFSHQNLYTWGQCTYHVFNRRAEIGKGISTYWWNANNWDNAAAADGYTIDNRPTVGSIAQTDVGYYGHVMFVERVNNDGSILVSEMNYSAAPGILTYRTVPAYQVNNYRYIH,SLNNLTSNLIFPNQVLK,53,69
enzyme,strain1,MQKKVIAAIIGTSAISAVAATQANAATTHTVKPGESVWAISNKYGISIAKLKSLNNLTSNLIFPNQVLKVSGSSNSTSNSSRPSTNSGGGSYYTVQAGDSLSLIASKYGTTYQNIMRLNGLNNFFIYPGQKLKVSGTASSSNAASNSSRPSTNSGGGSYYTVQAGDSLSLIASKYGTTYQKIMSLNGLNNFFIYPGQKLKVTGNASTNSGSATTTNRGYNTPVFSHQNLYTWGQCTYHVFNRRAEIGKGISTYWWNANNWDNAAAADGYTIDNRPTVGSIAQTDVGYYGHVMFVERVNNDGSILVSEMNYSAAPGILTYRTVPAYQVNNYRYIH,VNNDGSILVSEMNYSAAPGILTYR,297,320
enzyme,strain1,MQKKVIAAIIGTSAISAVAATQANAATTHTVKPGESVWAISNKYGISIAKLKSLNNLTSNLIFPNQVLKVSGSSNSTSNSSRPSTNSGGGSYYTVQAGDSLSLIASKYGTTYQNIMRLNGLNNFFIYPGQKLKVSGTASSSNAASNSSRPSTNSGGGSYYTVQAGDSLSLIASKYGTTYQKIMSLNGLNNFFIYPGQKLKVTGNASTNSGSATTTNRGYNTPVFSHQNLYTWGQCTYHVFNRRAEIGKGISTYWWNANNWDNAAAADGYTIDNRPTVGSIAQTDVGYYGHVMFVERVNNDGSILVSEMNYSAAPGILTYRTVPAYQVNNYRYIH,YGISIAK,44,50
enzyme,strain1,MQKKVIAAIIGTSAISAVAATQANAATTHTVKPGESVWAISNKYGISIAKLKSLNNLTSNLIFPNQVLKVSGSSNSTSNSSRPSTNSGGGSYYTVQAGDSLSLIASKYGTTYQNIMRLNGLNNFFIYPGQKLKVSGTASSSNAASNSSRPSTNSGGGSYYTVQAGDSLSLIASKYGTTYQKIMSLNGLNNFFIYPGQKLKVTGNASTNSGSATTTNRGYNTPVFSHQNLYTWGQCTYHVFNRRAEIGKGISTYWWNANNWDNAAAADGYTIDNRPTVGSIAQTDVGYYGHVMFVERVNNDGSILVSEMNYSAAPGILTYRTVPAYQVNNYRYIH,YGTTYQNIMR,108,117
enzyme,strain1,MQKKVIAAIIGTSAISAVAATQANAATTHTVKPGESVWAISNKYGISIAKLKSLNNLTSNLIFPNQVLKVSGSSNSTSNSSRPSTNSGGGSYYTVQAGDSLSLIASKYGTTYQNIMRLNGLNNFFIYPGQKLKVSGTASSSNAASNSSRPSTNSGGGSYYTVQAGDSLSLIASKYGTTYQKIMSLNGLNNFFIYPGQKLKVTGNASTNSGSATTTNRGYNTPVFSHQNLYTWGQCTYHVFNRRAEIGKGISTYWWNANNWDNAAAADGYTIDNRPTVGSIAQTDVGYYGHVMFVERVNNDGSILVSEMNYSAAPGILTYRTVPAYQVNNYRYIH,LKVTGNASTNSGSATTTNR,199,217
enzyme,strain1,MQKKVIAAIIGTSAISAVAATQANAATTHTVKPGESVWAISNKYGISIAKLKSLNNLTSNLIFPNQVLKVSGSSNSTSNSSRPSTNSGGGSYYTVQAGDSLSLIASKYGTTYQNIMRLNGLNNFFIYPGQKLKVSGTASSSNAASNSSRPSTNSGGGSYYTVQAGDSLSLIASKYGTTYQKIMSLNGLNNFFIYPGQKLKVTGNASTNSGSATTTNRGYNTPVFSHQNLYTWGQCTYHVFNRRAEIGKGISTYWWNANNWDNAAAADGYTIDNRPTVGSIAQTDVGYYGHVMFVERVNNDGSILVSEMNYSAAPGILTYRTVPAYQVNNYRYIH,TVPAYQVNNYR,321,331
enzyme,strain1,MQKKVIAAIIGTSAISAVAATQANAATTHTVKPGESVWAISNKYGISIAKLKSLNNLTSNLIFPNQVLKVSGSSNSTSNSSRPSTNSGGGSYYTVQAGDSLSLIASKYGTTYQNIMRLNGLNNFFIYPGQKLKVSGTASSSNAASNSSRPSTNSGGGSYYTVQAGDSLSLIASKYGTTYQKIMSLNGLNNFFIYPGQKLKVTGNASTNSGSATTTNRGYNTPVFSHQNLYTWGQCTYHVFNRRAEIGKGISTYWWNANNWDNAAAADGYTIDNRPTVGSIAQTDVGYYGHVMFVERVNNDGSILVSEMNYSAAPGILTYRTVPAYQVNNYRYIH,VSGSSNSTSNSSRPSTNSGGGSYYTVQAGDSLSLIASK,70,107
enzyme,strain1,MQKKVIAAIIGTSAISAVAATQANAATTHTVKPGESVWAISNKYGISIAKLKSLNNLTSNLIFPNQVLKVSGSSNSTSNSSRPSTNSGGGSYYTVQAGDSLSLIASKYGTTYQNIMRLNGLNNFFIYPGQKLKVSGTASSSNAASNSSRPSTNSGGGSYYTVQAGDSLSLIASKYGTTYQKIMSLNGLNNFFIYPGQKLKVTGNASTNSGSATTTNRGYNTPVFSHQNLYTWGQCTYHVFNRRAEIGKGISTYWWNANNWDNAAAADGYTIDNRPTVGSIAQTDVGYYGHVMFVERVNNDGSILVSEMNYSAAPGILTYRTVPAYQVNNYRYIH,YGTTYQK,175,181
enzyme,strain2,MQKKVIAAIIGTSAISAVAATQANAATTHTVKPGESVWAISNKYGISIAKLKSLNNLTSNLIFPNQVLKVSGSSNSTSNSSRPSTNSGGGSYYTVQAGDSLSLIASKYGTTYQNIMRLNGLNNFFIYPGQKLKVSGTASSSNAASNSSRPSTNSGGGSYYTVQAGDSLSLIASKYGTTYQKIMSLNGLNNFFIYPGQKLKVTGNASTNSGSATTTNRGYNTPVFSHQNLYTWGQCTYHVFNRRAEIGKGISTYWWNANNWDNAAAADGYTIDNRPTVGSIAQTDVGYYGHVMFVERVNNDGSILVSEMNYSAAPGILTYRTVPAYQVNNYRYIH,GYNTPVFSHQNLYTWGQCTYHVFNR,218,242
enzyme,strain2,MQKKVIAAIIGTSAISAVAATQANAATTHTVKPGESVWAISNKYGISIAKLKSLNNLTSNLIFPNQVLKVSGSSNSTSNSSRPSTNSGGGSYYTVQAGDSLSLIASKYGTTYQNIMRLNGLNNFFIYPGQKLKVSGTASSSNAASNSSRPSTNSGGGSYYTVQAGDSLSLIASKYGTTYQKIMSLNGLNNFFIYPGQKLKVTGNASTNSGSATTTNRGYNTPVFSHQNLYTWGQCTYHVFNRRAEIGKGISTYWWNANNWDNAAAADGYTIDNRPTVGSIAQTDVGYYGHVMFVERVNNDGSILVSEMNYSAAPGILTYRTVPAYQVNNYRYIH,VSGTASSSNAASNSSR,134,149
enzyme,strain2,MQKKVIAAIIGTSAISAVAATQANAATTHTVKPGESVWAISNKYGISIAKLKSLNNLTSNLIFPNQVLKVSGSSNSTSNSSRPSTNSGGGSYYTVQAGDSLSLIASKYGTTYQNIMRLNGLNNFFIYPGQKLKVSGTASSSNAASNSSRPSTNSGGGSYYTVQAGDSLSLIASKYGTTYQKIMSLNGLNNFFIYPGQKLKVTGNASTNSGSATTTNRGYNTPVFSHQNLYTWGQCTYHVFNRRAEIGKGISTYWWNANNWDNAAAADGYTIDNRPTVGSIAQTDVGYYGHVMFVERVNNDGSILVSEMNYSAAPGILTYRTVPAYQVNNYRYIH,IMSLNGLNNFFIYPGQK,182,198
enzyme,strain2,MQKKVIAAIIGTSAISAVAATQANAATTHTVKPGESVWAISNKYGISIAKLKSLNNLTSNLIFPNQVLKVSGSSNSTSNSSRPSTNSGGGSYYTVQAGDSLSLIASKYGTTYQNIMRLNGLNNFFIYPGQKLKVSGTASSSNAASNSSRPSTNSGGGSYYTVQAGDSLSLIASKYGTTYQKIMSLNGLNNFFIYPGQKLKVTGNASTNSGSATTTNRGYNTPVFSHQNLYTWGQCTYHVFNRRAEIGKGISTYWWNANNWDNAAAADGYTIDNRPTVGSIAQTDVGYYGHVMFVERVNNDGSILVSEMNYSAAPGILTYRTVPAYQVNNYRYIH,PSTNSGGGSYYTVQAGDSLSLIASK,83,107
enzyme,strain2,MQKKVIAAIIGTSAISAVAATQANAATTHTVKPGESVWAISNKYGISIAKLKSLNNLTSNLIFPNQVLKVSGSSNSTSNSSRPSTNSGGGSYYTVQAGDSLSLIASKYGTTYQNIMRLNGLNNFFIYPGQKLKVSGTASSSNAASNSSRPSTNSGGGSYYTVQAGDSLSLIASKYGTTYQKIMSLNGLNNFFIYPGQKLKVTGNASTNSGSATTTNRGYNTPVFSHQNLYTWGQCTYHVFNRRAEIGKGISTYWWNANNWDNAAAADGYTIDNRPTVGSIAQTDVGYYGHVMFVERVNNDGSILVSEMNYSAAPGILTYRTVPAYQVNNYRYIH,SLNNLTSNLIFPNQVLK,53,69
enzyme,strain2,MQKKVIAAIIGTSAISAVAATQANAATTHTVKPGESVWAISNKYGISIAKLKSLNNLTSNLIFPNQVLKVSGSSNSTSNSSRPSTNSGGGSYYTVQAGDSLSLIASKYGTTYQNIMRLNGLNNFFIYPGQKLKVSGTASSSNAASNSSRPSTNSGGGSYYTVQAGDSLSLIASKYGTTYQKIMSLNGLNNFFIYPGQKLKVTGNASTNSGSATTTNRGYNTPVFSHQNLYTWGQCTYHVFNRRAEIGKGISTYWWNANNWDNAAAADGYTIDNRPTVGSIAQTDVGYYGHVMFVERVNNDGSILVSEMNYSAAPGILTYRTVPAYQVNNYRYIH,VNNDGSILVSEMNYSAAPGILTYR,297,320
enzyme,strain2,MQKKVIAAIIGTSAISAVAATQANAATTHTVKPGESVWAISNKYGISIAKLKSLNNLTSNLIFPNQVLKVSGSSNSTSNSSRPSTNSGGGSYYTVQAGDSLSLIASKYGTTYQNIMRLNGLNNFFIYPGQKLKVSGTASSSNAASNSSRPSTNSGGGSYYTVQAGDSLSLIASKYGTTYQKIMSLNGLNNFFIYPGQKLKVTGNASTNSGSATTTNRGYNTPVFSHQNLYTWGQCTYHVFNRRAEIGKGISTYWWNANNWDNAAAADGYTIDNRPTVGSIAQTDVGYYGHVMFVERVNNDGSILVSEMNYSAAPGILTYRTVPAYQVNNYRYIH,YGISIAK,44,50
enzyme,strain2,MQKKVIAAIIGTSAISAVAATQANAATTHTVKPGESVWAISNKYGISIAKLKSLNNLTSNLIFPNQVLKVSGSSNSTSNSSRPSTNSGGGSYYTVQAGDSLSLIASKYGTTYQNIMRLNGLNNFFIYPGQKLKVSGTASSSNAASNSSRPSTNSGGGSYYTVQAGDSLSLIASKYGTTYQKIMSLNGLNNFFIYPGQKLKVTGNASTNSGSATTTNRGYNTPVFSHQNLYTWGQCTYHVFNRRAEIGKGISTYWWNANNWDNAAAADGYTIDNRPTVGSIAQTDVGYYGHVMFVERVNNDGSILVSEMNYSAAPGILTYRTVPAYQVNNYRYIH,YGTTYQNIMR,108,117
enzyme,strain2,MQKKVIAAIIGTSAISAVAATQANAATTHTVKPGESVWAISNKYGISIAKLKSLNNLTSNLIFPNQVLKVSGSSNSTSNSSRPSTNSGGGSYYTVQAGDSLSLIASKYGTTYQNIMRLNGLNNFFIYPGQKLKVSGTASSSNAASNSSRPSTNSGGGSYYTVQAGDSLSLIASKYGTTYQKIMSLNGLNNFFIYPGQKLKVTGNASTNSGSATTTNRGYNTPVFSHQNLYTWGQCTYHVFNRRAEIGKGISTYWWNANNWDNAAAADGYTIDNRPTVGSIAQTDVGYYGHVMFVERVNNDGSILVSEMNYSAAPGILTYRTVPAYQVNNYRYIH,LKVTGNASTNSGSATTTNR,199,217
enzyme,strain2,MQKKVIAAIIGTSAISAVAATQANAATTHTVKPGESVWAISNKYGISIAKLKSLNNLTSNLIFPNQVLKVSGSSNSTSNSSRPSTNSGGGSYYTVQAGDSLSLIASKYGTTYQNIMRLNGLNNFFIYPGQKLKVSGTASSSNAASNSSRPSTNSGGGSYYTVQAGDSLSLIASKYGTTYQKIMSLNGLNNFFIYPGQKLKVTGNASTNSGSATTTNRGYNTPVFSHQNLYTWGQCTYHVFNRRAEIGKGISTYWWNANNWDNAAAADGYTIDNRPTVGSIAQTDVGYYGHVMFVERVNNDGSILVSEMNYSAAPGILTYRTVPAYQVNNYRYIH,TVPAYQVNNYR,321,331
enzyme,strain2,MQKKVIAAIIGTSAISAVAATQANAATTHTVKPGESVWAISNKYGISIAKLKSLNNLTSNLIFPNQVLKVSGSSNSTSNSSRPSTNSGGGSYYTVQAGDSLSLIASKYGTTYQNIMRLNGLNNFFIYPGQKLKVSGTASSSNAASNSSRPSTNSGGGSYYTVQAGDSLSLIASKYGTTYQKIMSLNGLNNFFIYPGQKLKVTGNASTNSGSATTTNRGYNTPVFSHQNLYTWGQCTYHVFNRRAEIGKGISTYWWNANNWDNAAAADGYTIDNRPTVGSIAQTDVGYYGHVMFVERVNNDGSILVSEMNYSAAPGILTYRTVPAYQVNNYRYIH,VSGSSNSTSNSSRPSTNSGGGSYYTVQAGDSLSLIASK,70,107
enzyme,strain2,MQKKVIAAIIGTSAISAVAATQANAATTHTVKPGESVWAISNKYGISIAKLKSLNNLTSNLIFPNQVLKVSGSSNSTSNSSRPSTNSGGGSYYTVQAGDSLSLIASKYGTTYQNIMRLNGLNNFFIYPGQKLKVSGTASSSNAASNSSRPSTNSGGGSYYTVQAGDSLSLIASKYGTTYQKIMSLNGLNNFFIYPGQKLKVTGNASTNSGSATTTNRGYNTPVFSHQNLYTWGQCTYHVFNRRAEIGKGISTYWWNANNWDNAAAADGYTIDNRPTVGSIAQTDVGYYGHVMFVERVNNDGSILVSEMNYSAAPGILTYRTVPAYQVNNYRYIH,YGTTYQK,175,181
